{
	"/": [
		"src/routes/+page.ts",
		"src/routes/+page.server.ts",
		"src/routes/+layout.ts",
		"src/routes/+layout.server.ts",
		"src/routes/+layout.ts",
		"src/routes/+layout.server.ts"
	],
	"/account": [
		"src/routes/account/+page.server.ts",
		"src/routes/+layout.ts",
		"src/routes/+layout.server.ts"
	],
	"/auth/callback": [
		"src/routes/auth/callback/+server.ts"
	],
	"/sverdle": [
		"src/routes/sverdle/+page.server.ts",
		"src/routes/+layout.ts",
		"src/routes/+layout.server.ts"
	],
	"/sverdle/how-to-play": [
		"src/routes/sverdle/how-to-play/+page.ts",
		"src/routes/+layout.ts",
		"src/routes/+layout.server.ts"
	]
}