{
	"/": [
		"src/routes/+page.ts",
		"src/routes/+page.server.ts",
		"src/routes/+layout.ts",
		"src/routes/+layout.server.ts",
		"src/routes/+layout.ts",
		"src/routes/+layout.server.ts"
	],
	"/account": [
		"src/routes/account/+page.server.ts",
		"src/routes/+layout.ts",
		"src/routes/+layout.server.ts"
	],
	"/api/posts": [
		"src/routes/api/posts/+server.js"
	],
	"/auth/callback": [
		"src/routes/auth/callback/+server.ts"
	],
	"/blog": [
		"src/routes/blog/+page.js",
		"src/routes/+layout.ts",
		"src/routes/+layout.server.ts",
		"src/routes/+layout.ts",
		"src/routes/+layout.server.ts"
	],
	"/blog/[slug]": [
		"src/routes/blog/[slug]/+page.js",
		"src/routes/+layout.ts",
		"src/routes/+layout.server.ts"
	],
	"/uses": [
		"src/routes/+layout.ts",
		"src/routes/+layout.server.ts"
	]
}